"Codice Regione";"Regione";"Età";"Maschi";"Femmine"
"13";"Abruzzo";0;405;346
"13";"Abruzzo";1;377;334
"13";"Abruzzo";2;399;373
"13";"Abruzzo";3;389;415
"13";"Abruzzo";4;458;390
"13";"Abruzzo";5;516;464
"13";"Abruzzo";6;471;439
"13";"Abruzzo";7;458;467
"13";"Abruzzo";8;474;472
"13";"Abruzzo";9;468;440
"13";"Abruzzo";10;449;468
"13";"Abruzzo";11;513;418
"13";"Abruzzo";12;462;389
"13";"Abruzzo";13;430;418
"13";"Abruzzo";14;402;397
"13";"Abruzzo";15;423;373
"13";"Abruzzo";16;409;376
"13";"Abruzzo";17;419;401
"13";"Abruzzo";18;428;368
"13";"Abruzzo";19;404;307
"13";"Abruzzo";20;402;295
"13";"Abruzzo";21;479;322
"13";"Abruzzo";22;558;381
"13";"Abruzzo";23;684;444
"13";"Abruzzo";24;735;468
"13";"Abruzzo";25;682;500
"13";"Abruzzo";26;748;519
"13";"Abruzzo";27;706;567
"13";"Abruzzo";28;722;597
"13";"Abruzzo";29;704;584
"13";"Abruzzo";30;778;698
"13";"Abruzzo";31;744;682
"13";"Abruzzo";32;796;779
"13";"Abruzzo";33;812;805
"13";"Abruzzo";34;825;923
"13";"Abruzzo";35;833;989
"13";"Abruzzo";36;901;957
"13";"Abruzzo";37;879;906
"13";"Abruzzo";38;846;942
"13";"Abruzzo";39;762;897
"13";"Abruzzo";40;804;896
"13";"Abruzzo";41;822;900
"13";"Abruzzo";42;882;956
"13";"Abruzzo";43;778;922
"13";"Abruzzo";44;833;929
"13";"Abruzzo";45;709;880
"13";"Abruzzo";46;684;801
"13";"Abruzzo";47;661;856
"13";"Abruzzo";48;644;839
"13";"Abruzzo";49;557;764
"13";"Abruzzo";50;575;813
"13";"Abruzzo";51;466;791
"13";"Abruzzo";52;548;773
"13";"Abruzzo";53;531;799
"13";"Abruzzo";54;483;752
"13";"Abruzzo";55;441;772
"13";"Abruzzo";56;342;580
"13";"Abruzzo";57;319;575
"13";"Abruzzo";58;340;562
"13";"Abruzzo";59;294;549
"13";"Abruzzo";60;302;535
"13";"Abruzzo";61;222;555
"13";"Abruzzo";62;270;499
"13";"Abruzzo";63;240;464
"13";"Abruzzo";64;217;396
"13";"Abruzzo";65;198;363
"13";"Abruzzo";66;169;345
"13";"Abruzzo";67;177;313
"13";"Abruzzo";68;141;319
"13";"Abruzzo";69;116;248
"13";"Abruzzo";70;112;240
"13";"Abruzzo";71;107;217
"13";"Abruzzo";72;98;180
"13";"Abruzzo";73;92;172
"13";"Abruzzo";74;72;133
"13";"Abruzzo";75;56;131
"13";"Abruzzo";76;63;96
"13";"Abruzzo";77;37;91
"13";"Abruzzo";78;36;71
"13";"Abruzzo";79;34;67
"13";"Abruzzo";80;37;64
"13";"Abruzzo";81;33;68
"13";"Abruzzo";82;39;51
"13";"Abruzzo";83;31;46
"13";"Abruzzo";84;23;28
"13";"Abruzzo";85;32;31
"13";"Abruzzo";86;12;26
"13";"Abruzzo";87;9;16
"13";"Abruzzo";88;7;23
"13";"Abruzzo";89;8;20
"13";"Abruzzo";90;7;17
"13";"Abruzzo";91;3;12
"13";"Abruzzo";92;2;9
"13";"Abruzzo";93;4;7
"13";"Abruzzo";94;3;7
"13";"Abruzzo";95;1;1
"13";"Abruzzo";96;0;2
"13";"Abruzzo";97;0;3
"13";"Abruzzo";98;1;2
"13";"Abruzzo";99;0;2
"13";"Abruzzo";100;0;0
"13";"Abruzzo";999;38074;42889
"17";"Basilicata";0;121;94
"17";"Basilicata";1;143;91
"17";"Basilicata";2;129;107
"17";"Basilicata";3;133;110
"17";"Basilicata";4;142;138
"17";"Basilicata";5;168;140
"17";"Basilicata";6;135;126
"17";"Basilicata";7;122;139
"17";"Basilicata";8;128;132
"17";"Basilicata";9;116;109
"17";"Basilicata";10;118;121
"17";"Basilicata";11;102;119
"17";"Basilicata";12;140;104
"17";"Basilicata";13;140;109
"17";"Basilicata";14;110;95
"17";"Basilicata";15;101;96
"17";"Basilicata";16;117;79
"17";"Basilicata";17;156;100
"17";"Basilicata";18;184;97
"17";"Basilicata";19;196;94
"17";"Basilicata";20;199;116
"17";"Basilicata";21;200;116
"17";"Basilicata";22;226;116
"17";"Basilicata";23;274;140
"17";"Basilicata";24;303;140
"17";"Basilicata";25;322;159
"17";"Basilicata";26;320;169
"17";"Basilicata";27;316;158
"17";"Basilicata";28;333;153
"17";"Basilicata";29;321;179
"17";"Basilicata";30;340;213
"17";"Basilicata";31;280;214
"17";"Basilicata";32;347;223
"17";"Basilicata";33;328;239
"17";"Basilicata";34;353;233
"17";"Basilicata";35;271;265
"17";"Basilicata";36;305;259
"17";"Basilicata";37;298;251
"17";"Basilicata";38;261;258
"17";"Basilicata";39;249;248
"17";"Basilicata";40;247;217
"17";"Basilicata";41;248;229
"17";"Basilicata";42;214;224
"17";"Basilicata";43;220;234
"17";"Basilicata";44;222;238
"17";"Basilicata";45;198;221
"17";"Basilicata";46;162;213
"17";"Basilicata";47;169;223
"17";"Basilicata";48;156;241
"17";"Basilicata";49;127;231
"17";"Basilicata";50;128;214
"17";"Basilicata";51;126;222
"17";"Basilicata";52;128;195
"17";"Basilicata";53;110;198
"17";"Basilicata";54;123;228
"17";"Basilicata";55;119;197
"17";"Basilicata";56;74;159
"17";"Basilicata";57;83;151
"17";"Basilicata";58;69;146
"17";"Basilicata";59;68;142
"17";"Basilicata";60;55;129
"17";"Basilicata";61;58;119
"17";"Basilicata";62;52;107
"17";"Basilicata";63;40;113
"17";"Basilicata";64;45;115
"17";"Basilicata";65;37;82
"17";"Basilicata";66;35;66
"17";"Basilicata";67;25;47
"17";"Basilicata";68;24;51
"17";"Basilicata";69;20;49
"17";"Basilicata";70;17;48
"17";"Basilicata";71;9;39
"17";"Basilicata";72;14;33
"17";"Basilicata";73;23;32
"17";"Basilicata";74;13;28
"17";"Basilicata";75;13;19
"17";"Basilicata";76;8;16
"17";"Basilicata";77;3;7
"17";"Basilicata";78;9;11
"17";"Basilicata";79;3;9
"17";"Basilicata";80;7;11
"17";"Basilicata";81;7;4
"17";"Basilicata";82;4;6
"17";"Basilicata";83;4;2
"17";"Basilicata";84;4;8
"17";"Basilicata";85;4;9
"17";"Basilicata";86;0;4
"17";"Basilicata";87;1;0
"17";"Basilicata";88;1;1
"17";"Basilicata";89;0;4
"17";"Basilicata";90;2;1
"17";"Basilicata";91;0;0
"17";"Basilicata";92;0;0
"17";"Basilicata";93;0;1
"17";"Basilicata";94;0;0
"17";"Basilicata";95;0;0
"17";"Basilicata";96;0;0
"17";"Basilicata";97;0;0
"17";"Basilicata";98;0;0
"17";"Basilicata";99;0;0
"17";"Basilicata";100;1;0
"17";"Basilicata";999;12076;11343
"18";"Calabria";0;479;410
"18";"Calabria";1;441;377
"18";"Calabria";2;469;446
"18";"Calabria";3;498;498
"18";"Calabria";4;568;521
"18";"Calabria";5;600;592
"18";"Calabria";6;580;553
"18";"Calabria";7;582;490
"18";"Calabria";8;549;548
"18";"Calabria";9;531;555
"18";"Calabria";10;565;488
"18";"Calabria";11;538;478
"18";"Calabria";12;496;441
"18";"Calabria";13;494;502
"18";"Calabria";14;535;463
"18";"Calabria";15;550;467
"18";"Calabria";16;531;489
"18";"Calabria";17;529;424
"18";"Calabria";18;525;450
"18";"Calabria";19;521;390
"18";"Calabria";20;535;409
"18";"Calabria";21;664;430
"18";"Calabria";22;886;519
"18";"Calabria";23;1073;553
"18";"Calabria";24;1081;528
"18";"Calabria";25;990;576
"18";"Calabria";26;1012;640
"18";"Calabria";27;931;659
"18";"Calabria";28;991;704
"18";"Calabria";29;975;740
"18";"Calabria";30;964;764
"18";"Calabria";31;963;792
"18";"Calabria";32;1103;838
"18";"Calabria";33;1003;893
"18";"Calabria";34;1148;1004
"18";"Calabria";35;1138;1046
"18";"Calabria";36;1116;1045
"18";"Calabria";37;1086;971
"18";"Calabria";38;1072;974
"18";"Calabria";39;1077;964
"18";"Calabria";40;967;975
"18";"Calabria";41;971;1060
"18";"Calabria";42;1073;984
"18";"Calabria";43;891;1036
"18";"Calabria";44;904;1036
"18";"Calabria";45;857;989
"18";"Calabria";46;817;1001
"18";"Calabria";47;805;947
"18";"Calabria";48;742;954
"18";"Calabria";49;635;880
"18";"Calabria";50;689;836
"18";"Calabria";51;575;863
"18";"Calabria";52;600;813
"18";"Calabria";53;573;879
"18";"Calabria";54;531;890
"18";"Calabria";55;474;761
"18";"Calabria";56;451;603
"18";"Calabria";57;391;584
"18";"Calabria";58;357;605
"18";"Calabria";59;341;596
"18";"Calabria";60;330;545
"18";"Calabria";61;296;521
"18";"Calabria";62;291;517
"18";"Calabria";63;288;436
"18";"Calabria";64;249;450
"18";"Calabria";65;191;377
"18";"Calabria";66;160;315
"18";"Calabria";67;214;274
"18";"Calabria";68;167;256
"18";"Calabria";69;117;207
"18";"Calabria";70;115;185
"18";"Calabria";71;79;162
"18";"Calabria";72;96;152
"18";"Calabria";73;72;119
"18";"Calabria";74;61;108
"18";"Calabria";75;48;97
"18";"Calabria";76;42;73
"18";"Calabria";77;30;42
"18";"Calabria";78;35;45
"18";"Calabria";79;34;42
"18";"Calabria";80;27;41
"18";"Calabria";81;21;32
"18";"Calabria";82;25;28
"18";"Calabria";83;20;18
"18";"Calabria";84;18;20
"18";"Calabria";85;12;20
"18";"Calabria";86;14;15
"18";"Calabria";87;15;11
"18";"Calabria";88;5;7
"18";"Calabria";89;7;3
"18";"Calabria";90;3;4
"18";"Calabria";91;2;1
"18";"Calabria";92;0;3
"18";"Calabria";93;3;3
"18";"Calabria";94;2;3
"18";"Calabria";95;2;2
"18";"Calabria";96;2;1
"18";"Calabria";97;0;2
"18";"Calabria";98;1;1
"18";"Calabria";99;1;6
"18";"Calabria";100;4;4
"18";"Calabria";999;47132;47071
"15";"Campania";0;1133;1060
"15";"Campania";1;1066;960
"15";"Campania";2;1231;1162
"15";"Campania";3;1301;1266
"15";"Campania";4;1366;1217
"15";"Campania";5;1392;1367
"15";"Campania";6;1320;1290
"15";"Campania";7;1378;1258
"15";"Campania";8;1291;1303
"15";"Campania";9;1263;1174
"15";"Campania";10;1377;1206
"15";"Campania";11;1295;1168
"15";"Campania";12;1147;1074
"15";"Campania";13;1146;1106
"15";"Campania";14;1101;1086
"15";"Campania";15;1211;1063
"15";"Campania";16;1075;930
"15";"Campania";17;1131;991
"15";"Campania";18;1230;969
"15";"Campania";19;1136;757
"15";"Campania";20;1097;738
"15";"Campania";21;1228;883
"15";"Campania";22;1713;959
"15";"Campania";23;2076;1039
"15";"Campania";24;2350;1147
"15";"Campania";25;2307;1328
"15";"Campania";26;2174;1379
"15";"Campania";27;2120;1518
"15";"Campania";28;2174;1502
"15";"Campania";29;2044;1630
"15";"Campania";30;2322;1749
"15";"Campania";31;2145;1869
"15";"Campania";32;2593;1970
"15";"Campania";33;2452;2107
"15";"Campania";34;2918;2341
"15";"Campania";35;3000;2300
"15";"Campania";36;3010;2380
"15";"Campania";37;3227;2437
"15";"Campania";38;2944;2508
"15";"Campania";39;3072;2543
"15";"Campania";40;3255;2522
"15";"Campania";41;3054;2500
"15";"Campania";42;3241;2605
"15";"Campania";43;3012;2702
"15";"Campania";44;2919;2531
"15";"Campania";45;2824;2593
"15";"Campania";46;2649;2563
"15";"Campania";47;2582;2601
"15";"Campania";48;2262;2503
"15";"Campania";49;2058;2449
"15";"Campania";50;2072;2432
"15";"Campania";51;1807;2383
"15";"Campania";52;1849;2340
"15";"Campania";53;1628;2232
"15";"Campania";54;1650;2228
"15";"Campania";55;1434;2203
"15";"Campania";56;1201;1947
"15";"Campania";57;1190;1888
"15";"Campania";58;1080;1878
"15";"Campania";59;942;1800
"15";"Campania";60;921;1838
"15";"Campania";61;736;1709
"15";"Campania";62;765;1704
"15";"Campania";63;584;1545
"15";"Campania";64;523;1370
"15";"Campania";65;500;1187
"15";"Campania";66;435;1082
"15";"Campania";67;370;947
"15";"Campania";68;294;828
"15";"Campania";69;247;668
"15";"Campania";70;209;641
"15";"Campania";71;188;520
"15";"Campania";72;171;439
"15";"Campania";73;136;386
"15";"Campania";74;101;295
"15";"Campania";75;92;262
"15";"Campania";76;66;172
"15";"Campania";77;64;121
"15";"Campania";78;56;103
"15";"Campania";79;48;79
"15";"Campania";80;43;71
"15";"Campania";81;34;59
"15";"Campania";82;46;51
"15";"Campania";83;26;37
"15";"Campania";84;23;39
"15";"Campania";85;25;24
"15";"Campania";86;14;21
"15";"Campania";87;11;21
"15";"Campania";88;9;21
"15";"Campania";89;5;20
"15";"Campania";90;6;12
"15";"Campania";91;4;12
"15";"Campania";92;2;10
"15";"Campania";93;4;9
"15";"Campania";94;2;4
"15";"Campania";95;2;4
"15";"Campania";96;3;5
"15";"Campania";97;3;2
"15";"Campania";98;1;1
"15";"Campania";99;2;5
"15";"Campania";100;9;5
"15";"Campania";999;121045;119963
"08";"Emilia-Romagna";0;3623;3478
"08";"Emilia-Romagna";1;3406;3199
"08";"Emilia-Romagna";2;3468;3296
"08";"Emilia-Romagna";3;3673;3525
"08";"Emilia-Romagna";4;3856;3543
"08";"Emilia-Romagna";5;3944;3669
"08";"Emilia-Romagna";6;3850;3636
"08";"Emilia-Romagna";7;3814;3526
"08";"Emilia-Romagna";8;3616;3478
"08";"Emilia-Romagna";9;3640;3362
"08";"Emilia-Romagna";10;3541;3243
"08";"Emilia-Romagna";11;3244;3127
"08";"Emilia-Romagna";12;3260;2940
"08";"Emilia-Romagna";13;3151;2856
"08";"Emilia-Romagna";14;3032;2688
"08";"Emilia-Romagna";15;2857;2563
"08";"Emilia-Romagna";16;2799;2561
"08";"Emilia-Romagna";17;2864;2352
"08";"Emilia-Romagna";18;2764;2407
"08";"Emilia-Romagna";19;2519;1953
"08";"Emilia-Romagna";20;2736;1920
"08";"Emilia-Romagna";21;3030;2320
"08";"Emilia-Romagna";22;3478;2644
"08";"Emilia-Romagna";23;4051;2833
"08";"Emilia-Romagna";24;4592;3211
"08";"Emilia-Romagna";25;4649;3530
"08";"Emilia-Romagna";26;4602;3776
"08";"Emilia-Romagna";27;4807;4226
"08";"Emilia-Romagna";28;4915;4352
"08";"Emilia-Romagna";29;4885;4530
"08";"Emilia-Romagna";30;5318;4931
"08";"Emilia-Romagna";31;5025;4985
"08";"Emilia-Romagna";32;5399;5341
"08";"Emilia-Romagna";33;5543;5663
"08";"Emilia-Romagna";34;5676;5892
"08";"Emilia-Romagna";35;5830;6100
"08";"Emilia-Romagna";36;5849;6089
"08";"Emilia-Romagna";37;5767;6079
"08";"Emilia-Romagna";38;5869;6180
"08";"Emilia-Romagna";39;5703;6007
"08";"Emilia-Romagna";40;5806;5896
"08";"Emilia-Romagna";41;5511;5698
"08";"Emilia-Romagna";42;5805;5768
"08";"Emilia-Romagna";43;5578;5723
"08";"Emilia-Romagna";44;5573;5469
"08";"Emilia-Romagna";45;5276;5435
"08";"Emilia-Romagna";46;5063;5284
"08";"Emilia-Romagna";47;4794;5158
"08";"Emilia-Romagna";48;4529;4992
"08";"Emilia-Romagna";49;4181;4769
"08";"Emilia-Romagna";50;4031;4652
"08";"Emilia-Romagna";51;3563;4342
"08";"Emilia-Romagna";52;3561;4489
"08";"Emilia-Romagna";53;3408;4358
"08";"Emilia-Romagna";54;3336;4376
"08";"Emilia-Romagna";55;2928;4136
"08";"Emilia-Romagna";56;2580;3620
"08";"Emilia-Romagna";57;2408;3480
"08";"Emilia-Romagna";58;2258;3604
"08";"Emilia-Romagna";59;2063;3525
"08";"Emilia-Romagna";60;1861;3356
"08";"Emilia-Romagna";61;1587;3270
"08";"Emilia-Romagna";62;1622;3385
"08";"Emilia-Romagna";63;1377;3017
"08";"Emilia-Romagna";64;1271;2857
"08";"Emilia-Romagna";65;1107;2659
"08";"Emilia-Romagna";66;973;2537
"08";"Emilia-Romagna";67;892;2189
"08";"Emilia-Romagna";68;754;1879
"08";"Emilia-Romagna";69;681;1627
"08";"Emilia-Romagna";70;584;1463
"08";"Emilia-Romagna";71;511;1430
"08";"Emilia-Romagna";72;529;1297
"08";"Emilia-Romagna";73;437;1016
"08";"Emilia-Romagna";74;410;919
"08";"Emilia-Romagna";75;327;704
"08";"Emilia-Romagna";76;278;588
"08";"Emilia-Romagna";77;257;444
"08";"Emilia-Romagna";78;237;431
"08";"Emilia-Romagna";79;202;356
"08";"Emilia-Romagna";80;202;384
"08";"Emilia-Romagna";81;160;279
"08";"Emilia-Romagna";82;169;379
"08";"Emilia-Romagna";83;129;235
"08";"Emilia-Romagna";84;134;223
"08";"Emilia-Romagna";85;111;184
"08";"Emilia-Romagna";86;87;157
"08";"Emilia-Romagna";87;71;124
"08";"Emilia-Romagna";88;43;113
"08";"Emilia-Romagna";89;46;89
"08";"Emilia-Romagna";90;39;81
"08";"Emilia-Romagna";91;28;36
"08";"Emilia-Romagna";92;31;55
"08";"Emilia-Romagna";93;8;29
"08";"Emilia-Romagna";94;9;31
"08";"Emilia-Romagna";95;5;23
"08";"Emilia-Romagna";96;5;9
"08";"Emilia-Romagna";97;2;8
"08";"Emilia-Romagna";98;2;9
"08";"Emilia-Romagna";99;3;6
"08";"Emilia-Romagna";100;4;10
"08";"Emilia-Romagna";999;264082;284673
"06";"Friuli-Venezia-Giulia";0;704;691
"06";"Friuli-Venezia-Giulia";1;639;615
"06";"Friuli-Venezia-Giulia";2;672;655
"06";"Friuli-Venezia-Giulia";3;669;627
"06";"Friuli-Venezia-Giulia";4;745;625
"06";"Friuli-Venezia-Giulia";5;734;718
"06";"Friuli-Venezia-Giulia";6;753;681
"06";"Friuli-Venezia-Giulia";7;682;662
"06";"Friuli-Venezia-Giulia";8;709;675
"06";"Friuli-Venezia-Giulia";9;674;641
"06";"Friuli-Venezia-Giulia";10;701;593
"06";"Friuli-Venezia-Giulia";11;639;605
"06";"Friuli-Venezia-Giulia";12;622;634
"06";"Friuli-Venezia-Giulia";13;657;546
"06";"Friuli-Venezia-Giulia";14;605;576
"06";"Friuli-Venezia-Giulia";15;564;563
"06";"Friuli-Venezia-Giulia";16;586;491
"06";"Friuli-Venezia-Giulia";17;557;475
"06";"Friuli-Venezia-Giulia";18;533;482
"06";"Friuli-Venezia-Giulia";19;569;397
"06";"Friuli-Venezia-Giulia";20;616;410
"06";"Friuli-Venezia-Giulia";21;689;446
"06";"Friuli-Venezia-Giulia";22;789;555
"06";"Friuli-Venezia-Giulia";23;835;590
"06";"Friuli-Venezia-Giulia";24;952;605
"06";"Friuli-Venezia-Giulia";25;1029;709
"06";"Friuli-Venezia-Giulia";26;1099;817
"06";"Friuli-Venezia-Giulia";27;1100;886
"06";"Friuli-Venezia-Giulia";28;1075;873
"06";"Friuli-Venezia-Giulia";29;1164;845
"06";"Friuli-Venezia-Giulia";30;1146;942
"06";"Friuli-Venezia-Giulia";31;1154;1096
"06";"Friuli-Venezia-Giulia";32;1281;1068
"06";"Friuli-Venezia-Giulia";33;1211;1144
"06";"Friuli-Venezia-Giulia";34;1274;1195
"06";"Friuli-Venezia-Giulia";35;1329;1239
"06";"Friuli-Venezia-Giulia";36;1312;1233
"06";"Friuli-Venezia-Giulia";37;1227;1231
"06";"Friuli-Venezia-Giulia";38;1217;1168
"06";"Friuli-Venezia-Giulia";39;1185;1123
"06";"Friuli-Venezia-Giulia";40;1226;1192
"06";"Friuli-Venezia-Giulia";41;1138;1167
"06";"Friuli-Venezia-Giulia";42;1155;1129
"06";"Friuli-Venezia-Giulia";43;1066;1147
"06";"Friuli-Venezia-Giulia";44;1091;1124
"06";"Friuli-Venezia-Giulia";45;1061;1112
"06";"Friuli-Venezia-Giulia";46;991;1115
"06";"Friuli-Venezia-Giulia";47;964;1091
"06";"Friuli-Venezia-Giulia";48;939;1042
"06";"Friuli-Venezia-Giulia";49;822;1010
"06";"Friuli-Venezia-Giulia";50;859;999
"06";"Friuli-Venezia-Giulia";51;768;968
"06";"Friuli-Venezia-Giulia";52;831;997
"06";"Friuli-Venezia-Giulia";53;751;970
"06";"Friuli-Venezia-Giulia";54;763;1058
"06";"Friuli-Venezia-Giulia";55;688;979
"06";"Friuli-Venezia-Giulia";56;620;838
"06";"Friuli-Venezia-Giulia";57;583;758
"06";"Friuli-Venezia-Giulia";58;537;781
"06";"Friuli-Venezia-Giulia";59;539;806
"06";"Friuli-Venezia-Giulia";60;494;749
"06";"Friuli-Venezia-Giulia";61;467;756
"06";"Friuli-Venezia-Giulia";62;431;753
"06";"Friuli-Venezia-Giulia";63;373;665
"06";"Friuli-Venezia-Giulia";64;337;620
"06";"Friuli-Venezia-Giulia";65;295;587
"06";"Friuli-Venezia-Giulia";66;266;512
"06";"Friuli-Venezia-Giulia";67;266;505
"06";"Friuli-Venezia-Giulia";68;197;453
"06";"Friuli-Venezia-Giulia";69;170;370
"06";"Friuli-Venezia-Giulia";70;143;386
"06";"Friuli-Venezia-Giulia";71;144;294
"06";"Friuli-Venezia-Giulia";72;125;297
"06";"Friuli-Venezia-Giulia";73;108;279
"06";"Friuli-Venezia-Giulia";74;116;189
"06";"Friuli-Venezia-Giulia";75;78;145
"06";"Friuli-Venezia-Giulia";76;79;141
"06";"Friuli-Venezia-Giulia";77;57;110
"06";"Friuli-Venezia-Giulia";78;49;93
"06";"Friuli-Venezia-Giulia";79;51;79
"06";"Friuli-Venezia-Giulia";80;63;89
"06";"Friuli-Venezia-Giulia";81;36;81
"06";"Friuli-Venezia-Giulia";82;42;72
"06";"Friuli-Venezia-Giulia";83;45;62
"06";"Friuli-Venezia-Giulia";84;25;37
"06";"Friuli-Venezia-Giulia";85;21;50
"06";"Friuli-Venezia-Giulia";86;13;37
"06";"Friuli-Venezia-Giulia";87;16;27
"06";"Friuli-Venezia-Giulia";88;8;16
"06";"Friuli-Venezia-Giulia";89;12;15
"06";"Friuli-Venezia-Giulia";90;10;15
"06";"Friuli-Venezia-Giulia";91;7;7
"06";"Friuli-Venezia-Giulia";92;4;12
"06";"Friuli-Venezia-Giulia";93;3;7
"06";"Friuli-Venezia-Giulia";94;1;4
"06";"Friuli-Venezia-Giulia";95;1;7
"06";"Friuli-Venezia-Giulia";96;0;4
"06";"Friuli-Venezia-Giulia";97;0;1
"06";"Friuli-Venezia-Giulia";98;1;1
"06";"Friuli-Venezia-Giulia";99;1;1
"06";"Friuli-Venezia-Giulia";100;2;0
"06";"Friuli-Venezia-Giulia";999;56647;58938
"12";"Lazio";0;2745;2460
"12";"Lazio";1;2735;2476
"12";"Lazio";2;2917;2783
"12";"Lazio";3;3313;3009
"12";"Lazio";4;3361;3250
"12";"Lazio";5;3578;3356
"12";"Lazio";6;3637;3299
"12";"Lazio";7;3600;3423
"12";"Lazio";8;3662;3311
"12";"Lazio";9;3637;3356
"12";"Lazio";10;3716;3487
"12";"Lazio";11;3449;3180
"12";"Lazio";12;3375;3266
"12";"Lazio";13;3301;3083
"12";"Lazio";14;3347;3160
"12";"Lazio";15;3267;2906
"12";"Lazio";16;3294;3005
"12";"Lazio";17;3109;2750
"12";"Lazio";18;3085;2742
"12";"Lazio";19;2250;1944
"12";"Lazio";20;2284;1821
"12";"Lazio";21;2602;2019
"12";"Lazio";22;3120;2332
"12";"Lazio";23;3693;2499
"12";"Lazio";24;4317;2711
"12";"Lazio";25;4527;2881
"12";"Lazio";26;4526;3268
"12";"Lazio";27;4949;3354
"12";"Lazio";28;4815;3700
"12";"Lazio";29;4558;4045
"12";"Lazio";30;4914;4365
"12";"Lazio";31;5020;4478
"12";"Lazio";32;5681;5055
"12";"Lazio";33;5851;5532
"12";"Lazio";34;6641;6037
"12";"Lazio";35;6900;6312
"12";"Lazio";36;7065;6436
"12";"Lazio";37;7265;6361
"12";"Lazio";38;7391;6484
"12";"Lazio";39;7140;6348
"12";"Lazio";40;7579;6685
"12";"Lazio";41;7303;6907
"12";"Lazio";42;7888;7060
"12";"Lazio";43;7451;6996
"12";"Lazio";44;7312;7081
"12";"Lazio";45;6895;6883
"12";"Lazio";46;6795;7021
"12";"Lazio";47;6449;6813
"12";"Lazio";48;6077;6786
"12";"Lazio";49;5622;6326
"12";"Lazio";50;5442;6371
"12";"Lazio";51;4990;6445
"12";"Lazio";52;5080;6306
"12";"Lazio";53;4834;6235
"12";"Lazio";54;4878;6376
"12";"Lazio";55;4478;6158
"12";"Lazio";56;3532;4746
"12";"Lazio";57;3255;4580
"12";"Lazio";58;2964;4610
"12";"Lazio";59;2817;4370
"12";"Lazio";60;2703;4042
"12";"Lazio";61;2299;3828
"12";"Lazio";62;2199;3804
"12";"Lazio";63;1915;3453
"12";"Lazio";64;1714;3171
"12";"Lazio";65;1572;2821
"12";"Lazio";66;1404;2491
"12";"Lazio";67;1233;2262
"12";"Lazio";68;1012;1943
"12";"Lazio";69;814;1703
"12";"Lazio";70;765;1515
"12";"Lazio";71;625;1333
"12";"Lazio";72;603;1220
"12";"Lazio";73;506;1073
"12";"Lazio";74;460;901
"12";"Lazio";75;383;751
"12";"Lazio";76;333;651
"12";"Lazio";77;284;539
"12";"Lazio";78;238;458
"12";"Lazio";79;206;420
"12";"Lazio";80;196;435
"12";"Lazio";81;153;325
"12";"Lazio";82;175;322
"12";"Lazio";83;130;267
"12";"Lazio";84;101;271
"12";"Lazio";85;116;219
"12";"Lazio";86;81;183
"12";"Lazio";87;63;147
"12";"Lazio";88;56;130
"12";"Lazio";89;45;110
"12";"Lazio";90;38;98
"12";"Lazio";91;19;67
"12";"Lazio";92;35;58
"12";"Lazio";93;18;56
"12";"Lazio";94;15;39
"12";"Lazio";95;8;21
"12";"Lazio";96;16;25
"12";"Lazio";97;3;14
"12";"Lazio";98;5;18
"12";"Lazio";99;10;12
"12";"Lazio";100;13;31
"12";"Lazio";999;302842;312266
"07";"Liguria";0;918;872
"07";"Liguria";1;824;800
"07";"Liguria";2;924;922
"07";"Liguria";3;891;858
"07";"Liguria";4;912;902
"07";"Liguria";5;1043;870
"07";"Liguria";6;1017;840
"07";"Liguria";7;964;927
"07";"Liguria";8;979;897
"07";"Liguria";9;945;812
"07";"Liguria";10;894;873
"07";"Liguria";11;868;741
"07";"Liguria";12;813;825
"07";"Liguria";13;744;754
"07";"Liguria";14;803;737
"07";"Liguria";15;779;700
"07";"Liguria";16;744;637
"07";"Liguria";17;741;625
"07";"Liguria";18;800;668
"07";"Liguria";19;744;547
"07";"Liguria";20;747;513
"07";"Liguria";21;860;605
"07";"Liguria";22;1008;794
"07";"Liguria";23;1221;847
"07";"Liguria";24;1419;846
"07";"Liguria";25;1377;982
"07";"Liguria";26;1504;1143
"07";"Liguria";27;1468;1092
"07";"Liguria";28;1416;1255
"07";"Liguria";29;1445;1280
"07";"Liguria";30;1479;1275
"07";"Liguria";31;1392;1303
"07";"Liguria";32;1471;1463
"07";"Liguria";33;1572;1432
"07";"Liguria";34;1603;1530
"07";"Liguria";35;1596;1523
"07";"Liguria";36;1593;1484
"07";"Liguria";37;1716;1519
"07";"Liguria";38;1657;1465
"07";"Liguria";39;1593;1444
"07";"Liguria";40;1557;1486
"07";"Liguria";41;1536;1335
"07";"Liguria";42;1535;1464
"07";"Liguria";43;1389;1422
"07";"Liguria";44;1364;1470
"07";"Liguria";45;1362;1367
"07";"Liguria";46;1279;1350
"07";"Liguria";47;1237;1243
"07";"Liguria";48;1137;1255
"07";"Liguria";49;1042;1177
"07";"Liguria";50;1117;1186
"07";"Liguria";51;986;1141
"07";"Liguria";52;1010;1175
"07";"Liguria";53;870;1110
"07";"Liguria";54;900;1156
"07";"Liguria";55;769;1090
"07";"Liguria";56;690;954
"07";"Liguria";57;641;931
"07";"Liguria";58;661;982
"07";"Liguria";59;565;891
"07";"Liguria";60;504;914
"07";"Liguria";61;473;863
"07";"Liguria";62;506;818
"07";"Liguria";63;388;758
"07";"Liguria";64;398;710
"07";"Liguria";65;343;688
"07";"Liguria";66;303;610
"07";"Liguria";67;297;588
"07";"Liguria";68;271;481
"07";"Liguria";69;220;450
"07";"Liguria";70;225;377
"07";"Liguria";71;178;365
"07";"Liguria";72;180;310
"07";"Liguria";73;156;295
"07";"Liguria";74;151;246
"07";"Liguria";75;133;217
"07";"Liguria";76;128;170
"07";"Liguria";77;96;146
"07";"Liguria";78;123;133
"07";"Liguria";79;95;132
"07";"Liguria";80;103;116
"07";"Liguria";81;49;92
"07";"Liguria";82;71;104
"07";"Liguria";83;50;71
"07";"Liguria";84;44;61
"07";"Liguria";85;38;60
"07";"Liguria";86;29;57
"07";"Liguria";87;28;44
"07";"Liguria";88;27;25
"07";"Liguria";89;17;20
"07";"Liguria";90;10;17
"07";"Liguria";91;10;11
"07";"Liguria";92;12;20
"07";"Liguria";93;5;11
"07";"Liguria";94;0;4
"07";"Liguria";95;5;6
"07";"Liguria";96;1;5
"07";"Liguria";97;3;4
"07";"Liguria";98;1;4
"07";"Liguria";99;0;4
"07";"Liguria";100;0;5
"07";"Liguria";999;72802;73799
"03";"Lombardia";0;7159;6704
"03";"Lombardia";1;6731;6442
"03";"Lombardia";2;7535;6896
"03";"Lombardia";3;7858;7392
"03";"Lombardia";4;8106;7646
"03";"Lombardia";5;8518;7870
"03";"Lombardia";6;8382;7925
"03";"Lombardia";7;8510;8067
"03";"Lombardia";8;8540;8017
"03";"Lombardia";9;8162;7777
"03";"Lombardia";10;8163;7589
"03";"Lombardia";11;7734;7151
"03";"Lombardia";12;7646;6990
"03";"Lombardia";13;7484;7055
"03";"Lombardia";14;7212;6661
"03";"Lombardia";15;6913;6340
"03";"Lombardia";16;6950;6238
"03";"Lombardia";17;6305;5813
"03";"Lombardia";18;6318;5792
"03";"Lombardia";19;5235;4370
"03";"Lombardia";20;5417;4084
"03";"Lombardia";21;6082;4615
"03";"Lombardia";22;7065;5295
"03";"Lombardia";23;8216;5976
"03";"Lombardia";24;9242;6556
"03";"Lombardia";25;9172;7169
"03";"Lombardia";26;9379;7996
"03";"Lombardia";27;9472;8564
"03";"Lombardia";28;9491;9385
"03";"Lombardia";29;9687;9774
"03";"Lombardia";30;10257;10255
"03";"Lombardia";31;10184;10651
"03";"Lombardia";32;10818;11361
"03";"Lombardia";33;11137;11979
"03";"Lombardia";34;11995;12683
"03";"Lombardia";35;12036;13074
"03";"Lombardia";36;12296;13027
"03";"Lombardia";37;12184;12518
"03";"Lombardia";38;12825;12659
"03";"Lombardia";39;12246;12756
"03";"Lombardia";40;12981;12976
"03";"Lombardia";41;12935;12434
"03";"Lombardia";42;12982;12703
"03";"Lombardia";43;12704;12487
"03";"Lombardia";44;12432;11980
"03";"Lombardia";45;12109;11769
"03";"Lombardia";46;11413;11414
"03";"Lombardia";47;10951;11113
"03";"Lombardia";48;10310;10543
"03";"Lombardia";49;9603;10097
"03";"Lombardia";50;9169;9979
"03";"Lombardia";51;8741;9302
"03";"Lombardia";52;8350;9429
"03";"Lombardia";53;7965;8734
"03";"Lombardia";54;7761;8929
"03";"Lombardia";55;6825;8354
"03";"Lombardia";56;6125;7337
"03";"Lombardia";57;5577;7101
"03";"Lombardia";58;5200;6698
"03";"Lombardia";59;4682;6429
"03";"Lombardia";60;4237;6167
"03";"Lombardia";61;3644;5738
"03";"Lombardia";62;3424;5685
"03";"Lombardia";63;3005;5099
"03";"Lombardia";64;2727;4750
"03";"Lombardia";65;2313;4200
"03";"Lombardia";66;2043;3896
"03";"Lombardia";67;1855;3485
"03";"Lombardia";68;1615;3061
"03";"Lombardia";69;1310;2694
"03";"Lombardia";70;1267;2437
"03";"Lombardia";71;982;1969
"03";"Lombardia";72;1001;1950
"03";"Lombardia";73;868;1670
"03";"Lombardia";74;731;1379
"03";"Lombardia";75;663;1225
"03";"Lombardia";76;586;971
"03";"Lombardia";77;474;830
"03";"Lombardia";78;412;711
"03";"Lombardia";79;394;716
"03";"Lombardia";80;378;637
"03";"Lombardia";81;305;542
"03";"Lombardia";82;314;569
"03";"Lombardia";83;203;442
"03";"Lombardia";84;196;430
"03";"Lombardia";85;169;295
"03";"Lombardia";86;129;260
"03";"Lombardia";87;160;235
"03";"Lombardia";88;111;178
"03";"Lombardia";89;85;129
"03";"Lombardia";90;77;126
"03";"Lombardia";91;42;77
"03";"Lombardia";92;49;79
"03";"Lombardia";93;24;56
"03";"Lombardia";94;7;35
"03";"Lombardia";95;16;31
"03";"Lombardia";96;12;28
"03";"Lombardia";97;9;17
"03";"Lombardia";98;4;14
"03";"Lombardia";99;6;14
"03";"Lombardia";100;11;20
"03";"Lombardia";999;573335;591767
"11";"Marche";0;707;639
"11";"Marche";1;648;604
"11";"Marche";2;684;628
"11";"Marche";3;740;669
"11";"Marche";4;751;659
"11";"Marche";5;779;678
"11";"Marche";6;738;692
"11";"Marche";7;706;701
"11";"Marche";8;745;682
"11";"Marche";9;679;677
"11";"Marche";10;665;667
"11";"Marche";11;686;671
"11";"Marche";12;690;601
"11";"Marche";13;677;633
"11";"Marche";14;623;578
"11";"Marche";15;681;592
"11";"Marche";16;642;575
"11";"Marche";17;609;546
"11";"Marche";18;657;556
"11";"Marche";19;623;492
"11";"Marche";20;675;452
"11";"Marche";21;779;592
"11";"Marche";22;926;646
"11";"Marche";23;1062;652
"11";"Marche";24;1187;782
"11";"Marche";25;1119;879
"11";"Marche";26;1203;860
"11";"Marche";27;1194;944
"11";"Marche";28;1153;1016
"11";"Marche";29;1141;1040
"11";"Marche";30;1231;1121
"11";"Marche";31;1230;1036
"11";"Marche";32;1291;1162
"11";"Marche";33;1243;1294
"11";"Marche";34;1353;1363
"11";"Marche";35;1323;1419
"11";"Marche";36;1296;1391
"11";"Marche";37;1274;1385
"11";"Marche";38;1356;1376
"11";"Marche";39;1292;1321
"11";"Marche";40;1338;1391
"11";"Marche";41;1216;1353
"11";"Marche";42;1325;1369
"11";"Marche";43;1166;1417
"11";"Marche";44;1118;1441
"11";"Marche";45;1080;1338
"11";"Marche";46;1139;1275
"11";"Marche";47;1041;1314
"11";"Marche";48;1032;1255
"11";"Marche";49;920;1182
"11";"Marche";50;880;1207
"11";"Marche";51;852;1183
"11";"Marche";52;773;1153
"11";"Marche";53;748;1208
"11";"Marche";54;729;1219
"11";"Marche";55;644;1160
"11";"Marche";56;560;926
"11";"Marche";57;546;837
"11";"Marche";58;537;936
"11";"Marche";59;524;880
"11";"Marche";60;456;896
"11";"Marche";61;395;831
"11";"Marche";62;369;880
"11";"Marche";63;323;752
"11";"Marche";64;323;734
"11";"Marche";65;273;696
"11";"Marche";66;258;643
"11";"Marche";67;245;554
"11";"Marche";68;204;492
"11";"Marche";69;171;406
"11";"Marche";70;184;380
"11";"Marche";71;154;328
"11";"Marche";72;161;313
"11";"Marche";73;144;271
"11";"Marche";74;140;274
"11";"Marche";75;104;231
"11";"Marche";76;94;178
"11";"Marche";77;105;155
"11";"Marche";78;86;130
"11";"Marche";79;75;118
"11";"Marche";80;84;126
"11";"Marche";81;53;104
"11";"Marche";82;64;101
"11";"Marche";83;47;93
"11";"Marche";84;53;66
"11";"Marche";85;34;76
"11";"Marche";86;21;47
"11";"Marche";87;24;33
"11";"Marche";88;23;26
"11";"Marche";89;12;34
"11";"Marche";90;10;22
"11";"Marche";91;7;7
"11";"Marche";92;2;15
"11";"Marche";93;3;10
"11";"Marche";94;3;6
"11";"Marche";95;3;1
"11";"Marche";96;5;2
"11";"Marche";97;0;1
"11";"Marche";98;0;2
"11";"Marche";99;1;2
"11";"Marche";100;2;2
"11";"Marche";999;59941;67353
"14";"Molise";0;55;42
"14";"Molise";1;47;38
"14";"Molise";2;65;64
"14";"Molise";3;49;58
"14";"Molise";4;62;62
"14";"Molise";5;73;75
"14";"Molise";6;94;61
"14";"Molise";7;67;57
"14";"Molise";8;64;48
"14";"Molise";9;57;64
"14";"Molise";10;63;55
"14";"Molise";11;61;56
"14";"Molise";12;56;54
"14";"Molise";13;56;46
"14";"Molise";14;55;58
"14";"Molise";15;50;50
"14";"Molise";16;57;43
"14";"Molise";17;68;56
"14";"Molise";18;90;46
"14";"Molise";19;110;49
"14";"Molise";20;101;53
"14";"Molise";21;105;58
"14";"Molise";22;110;55
"14";"Molise";23;158;67
"14";"Molise";24;190;73
"14";"Molise";25;155;72
"14";"Molise";26;161;103
"14";"Molise";27;182;81
"14";"Molise";28;155;95
"14";"Molise";29;157;103
"14";"Molise";30;167;119
"14";"Molise";31;152;114
"14";"Molise";32;174;110
"14";"Molise";33;161;127
"14";"Molise";34;146;117
"14";"Molise";35;178;142
"14";"Molise";36;163;157
"14";"Molise";37;117;133
"14";"Molise";38;139;127
"14";"Molise";39;120;90
"14";"Molise";40;130;114
"14";"Molise";41;110;142
"14";"Molise";42;117;130
"14";"Molise";43;93;111
"14";"Molise";44;104;113
"14";"Molise";45;88;106
"14";"Molise";46;76;108
"14";"Molise";47;72;90
"14";"Molise";48;72;95
"14";"Molise";49;62;113
"14";"Molise";50;69;97
"14";"Molise";51;67;82
"14";"Molise";52;60;90
"14";"Molise";53;57;107
"14";"Molise";54;60;121
"14";"Molise";55;57;85
"14";"Molise";56;46;83
"14";"Molise";57;46;79
"14";"Molise";58;45;87
"14";"Molise";59;36;71
"14";"Molise";60;31;68
"14";"Molise";61;32;48
"14";"Molise";62;35;70
"14";"Molise";63;27;53
"14";"Molise";64;26;65
"14";"Molise";65;18;39
"14";"Molise";66;22;50
"14";"Molise";67;21;48
"14";"Molise";68;16;29
"14";"Molise";69;11;26
"14";"Molise";70;20;18
"14";"Molise";71;10;25
"14";"Molise";72;8;19
"14";"Molise";73;13;17
"14";"Molise";74;5;15
"14";"Molise";75;6;13
"14";"Molise";76;12;11
"14";"Molise";77;7;9
"14";"Molise";78;7;13
"14";"Molise";79;4;5
"14";"Molise";80;4;5
"14";"Molise";81;3;4
"14";"Molise";82;5;9
"14";"Molise";83;0;3
"14";"Molise";84;4;2
"14";"Molise";85;3;3
"14";"Molise";86;1;4
"14";"Molise";87;1;5
"14";"Molise";88;2;2
"14";"Molise";89;1;1
"14";"Molise";90;0;2
"14";"Molise";91;0;2
"14";"Molise";92;3;0
"14";"Molise";93;1;0
"14";"Molise";94;0;0
"14";"Molise";95;2;1
"14";"Molise";96;1;0
"14";"Molise";97;0;1
"14";"Molise";98;0;1
"14";"Molise";99;0;0
"14";"Molise";100;0;0
"14";"Molise";999;6119;5788
"01";"Piemonte";0;2375;2426
"01";"Piemonte";1;2324;2296
"01";"Piemonte";2;2575;2430
"01";"Piemonte";3;2725;2428
"01";"Piemonte";4;2703;2586
"01";"Piemonte";5;2887;2750
"01";"Piemonte";6;2916;2686
"01";"Piemonte";7;2829;2439
"01";"Piemonte";8;2873;2689
"01";"Piemonte";9;2702;2474
"01";"Piemonte";10;2737;2481
"01";"Piemonte";11;2593;2393
"01";"Piemonte";12;2521;2311
"01";"Piemonte";13;2499;2354
"01";"Piemonte";14;2426;2237
"01";"Piemonte";15;2371;2126
"01";"Piemonte";16;2237;1989
"01";"Piemonte";17;2147;1926
"01";"Piemonte";18;2145;1901
"01";"Piemonte";19;1848;1497
"01";"Piemonte";20;1836;1461
"01";"Piemonte";21;2125;1717
"01";"Piemonte";22;2658;2079
"01";"Piemonte";23;3115;2179
"01";"Piemonte";24;3691;2349
"01";"Piemonte";25;3697;2671
"01";"Piemonte";26;3822;2795
"01";"Piemonte";27;3714;2978
"01";"Piemonte";28;3795;3226
"01";"Piemonte";29;3811;3417
"01";"Piemonte";30;3923;3620
"01";"Piemonte";31;3866;3719
"01";"Piemonte";32;4320;3913
"01";"Piemonte";33;4213;4216
"01";"Piemonte";34;4411;4474
"01";"Piemonte";35;4476;4550
"01";"Piemonte";36;4600;4545
"01";"Piemonte";37;4433;4481
"01";"Piemonte";38;4290;4495
"01";"Piemonte";39;4096;4331
"01";"Piemonte";40;4296;4456
"01";"Piemonte";41;4228;4482
"01";"Piemonte";42;4446;4496
"01";"Piemonte";43;4248;4355
"01";"Piemonte";44;4047;4399
"01";"Piemonte";45;3931;4245
"01";"Piemonte";46;3833;4079
"01";"Piemonte";47;3636;3986
"01";"Piemonte";48;3450;3865
"01";"Piemonte";49;3050;3587
"01";"Piemonte";50;3198;3692
"01";"Piemonte";51;2800;3537
"01";"Piemonte";52;2855;3526
"01";"Piemonte";53;2706;3558
"01";"Piemonte";54;2676;3560
"01";"Piemonte";55;2416;3399
"01";"Piemonte";56;1940;2624
"01";"Piemonte";57;1807;2521
"01";"Piemonte";58;1675;2539
"01";"Piemonte";59;1600;2461
"01";"Piemonte";60;1423;2300
"01";"Piemonte";61;1351;2288
"01";"Piemonte";62;1290;2244
"01";"Piemonte";63;1113;1974
"01";"Piemonte";64;1040;1868
"01";"Piemonte";65;894;1652
"01";"Piemonte";66;849;1456
"01";"Piemonte";67;742;1337
"01";"Piemonte";68;620;1158
"01";"Piemonte";69;571;1042
"01";"Piemonte";70;490;948
"01";"Piemonte";71;416;802
"01";"Piemonte";72;426;797
"01";"Piemonte";73;337;673
"01";"Piemonte";74;331;614
"01";"Piemonte";75;273;485
"01";"Piemonte";76;241;455
"01";"Piemonte";77;203;362
"01";"Piemonte";78;203;304
"01";"Piemonte";79;176;333
"01";"Piemonte";80;180;286
"01";"Piemonte";81;122;244
"01";"Piemonte";82;135;252
"01";"Piemonte";83;116;190
"01";"Piemonte";84;110;204
"01";"Piemonte";85;85;153
"01";"Piemonte";86;69;137
"01";"Piemonte";87;59;102
"01";"Piemonte";88;52;72
"01";"Piemonte";89;36;61
"01";"Piemonte";90;28;48
"01";"Piemonte";91;17;36
"01";"Piemonte";92;25;37
"01";"Piemonte";93;10;19
"01";"Piemonte";94;10;23
"01";"Piemonte";95;7;18
"01";"Piemonte";96;3;9
"01";"Piemonte";97;3;6
"01";"Piemonte";98;2;7
"01";"Piemonte";99;3;4
"01";"Piemonte";100;4;9
"01";"Piemonte";999;202228;212011
"16";"Puglia";0;759;741
"16";"Puglia";1;731;691
"16";"Puglia";2;809;712
"16";"Puglia";3;798;783
"16";"Puglia";4;858;778
"16";"Puglia";5;836;812
"16";"Puglia";6;883;818
"16";"Puglia";7;818;804
"16";"Puglia";8;805;746
"16";"Puglia";9;776;682
"16";"Puglia";10;794;733
"16";"Puglia";11;716;665
"16";"Puglia";12;738;717
"16";"Puglia";13;721;658
"16";"Puglia";14;726;670
"16";"Puglia";15;760;627
"16";"Puglia";16;668;619
"16";"Puglia";17;699;592
"16";"Puglia";18;778;652
"16";"Puglia";19;810;548
"16";"Puglia";20;760;561
"16";"Puglia";21;856;634
"16";"Puglia";22;1142;678
"16";"Puglia";23;1671;726
"16";"Puglia";24;1818;845
"16";"Puglia";25;1655;952
"16";"Puglia";26;1646;945
"16";"Puglia";27;1596;1078
"16";"Puglia";28;1617;1049
"16";"Puglia";29;1509;1120
"16";"Puglia";30;1706;1111
"16";"Puglia";31;1570;1282
"16";"Puglia";32;1811;1298
"16";"Puglia";33;1696;1360
"16";"Puglia";34;1760;1431
"16";"Puglia";35;1779;1453
"16";"Puglia";36;1877;1401
"16";"Puglia";37;1686;1418
"16";"Puglia";38;1647;1502
"16";"Puglia";39;1506;1391
"16";"Puglia";40;1526;1406
"16";"Puglia";41;1387;1429
"16";"Puglia";42;1477;1477
"16";"Puglia";43;1356;1489
"16";"Puglia";44;1307;1362
"16";"Puglia";45;1168;1360
"16";"Puglia";46;1181;1353
"16";"Puglia";47;1097;1323
"16";"Puglia";48;1039;1293
"16";"Puglia";49;942;1200
"16";"Puglia";50;877;1224
"16";"Puglia";51;820;1179
"16";"Puglia";52;836;1176
"16";"Puglia";53;790;1267
"16";"Puglia";54;742;1247
"16";"Puglia";55;670;1180
"16";"Puglia";56;579;918
"16";"Puglia";57;535;915
"16";"Puglia";58;538;913
"16";"Puglia";59;467;859
"16";"Puglia";60;488;772
"16";"Puglia";61;394;755
"16";"Puglia";62;416;747
"16";"Puglia";63;329;641
"16";"Puglia";64;305;589
"16";"Puglia";65;321;545
"16";"Puglia";66;245;440
"16";"Puglia";67;221;387
"16";"Puglia";68;204;353
"16";"Puglia";69;164;280
"16";"Puglia";70;147;251
"16";"Puglia";71;139;217
"16";"Puglia";72;152;209
"16";"Puglia";73;97;177
"16";"Puglia";74;97;150
"16";"Puglia";75;82;143
"16";"Puglia";76;76;102
"16";"Puglia";77;62;79
"16";"Puglia";78;64;82
"16";"Puglia";79;42;81
"16";"Puglia";80;57;56
"16";"Puglia";81;37;49
"16";"Puglia";82;43;41
"16";"Puglia";83;32;38
"16";"Puglia";84;28;35
"16";"Puglia";85;17;30
"16";"Puglia";86;18;24
"16";"Puglia";87;16;16
"16";"Puglia";88;12;20
"16";"Puglia";89;8;11
"16";"Puglia";90;9;8
"16";"Puglia";91;5;8
"16";"Puglia";92;3;9
"16";"Puglia";93;3;7
"16";"Puglia";94;2;3
"16";"Puglia";95;2;3
"16";"Puglia";96;1;2
"16";"Puglia";97;1;1
"16";"Puglia";98;0;2
"16";"Puglia";99;2;2
"16";"Puglia";100;1;4
"16";"Puglia";999;70467;68222
"20";"Sardegna";0;175;179
"20";"Sardegna";1;178;185
"20";"Sardegna";2;164;175
"20";"Sardegna";3;196;191
"20";"Sardegna";4;201;225
"20";"Sardegna";5;214;218
"20";"Sardegna";6;223;215
"20";"Sardegna";7;206;198
"20";"Sardegna";8;226;239
"20";"Sardegna";9;208;195
"20";"Sardegna";10;239;207
"20";"Sardegna";11;224;208
"20";"Sardegna";12;200;220
"20";"Sardegna";13;215;213
"20";"Sardegna";14;215;218
"20";"Sardegna";15;221;170
"20";"Sardegna";16;232;186
"20";"Sardegna";17;230;186
"20";"Sardegna";18;235;207
"20";"Sardegna";19;212;191
"20";"Sardegna";20;212;174
"20";"Sardegna";21;208;174
"20";"Sardegna";22;364;200
"20";"Sardegna";23;475;212
"20";"Sardegna";24;453;234
"20";"Sardegna";25;436;291
"20";"Sardegna";26;452;295
"20";"Sardegna";27;469;334
"20";"Sardegna";28;431;393
"20";"Sardegna";29;411;396
"20";"Sardegna";30;487;402
"20";"Sardegna";31;452;401
"20";"Sardegna";32;497;433
"20";"Sardegna";33;460;491
"20";"Sardegna";34;478;490
"20";"Sardegna";35;466;567
"20";"Sardegna";36;500;558
"20";"Sardegna";37;452;548
"20";"Sardegna";38;490;564
"20";"Sardegna";39;435;546
"20";"Sardegna";40;478;635
"20";"Sardegna";41;426;590
"20";"Sardegna";42;502;600
"20";"Sardegna";43;457;623
"20";"Sardegna";44;454;551
"20";"Sardegna";45;450;588
"20";"Sardegna";46;387;546
"20";"Sardegna";47;427;581
"20";"Sardegna";48;416;603
"20";"Sardegna";49;326;501
"20";"Sardegna";50;351;528
"20";"Sardegna";51;289;480
"20";"Sardegna";52;323;548
"20";"Sardegna";53;299;556
"20";"Sardegna";54;321;571
"20";"Sardegna";55;294;537
"20";"Sardegna";56;245;430
"20";"Sardegna";57;254;391
"20";"Sardegna";58;232;409
"20";"Sardegna";59;202;387
"20";"Sardegna";60;237;387
"20";"Sardegna";61;201;360
"20";"Sardegna";62;205;329
"20";"Sardegna";63;167;321
"20";"Sardegna";64;177;287
"20";"Sardegna";65;163;276
"20";"Sardegna";66;140;234
"20";"Sardegna";67;136;255
"20";"Sardegna";68;108;203
"20";"Sardegna";69;96;182
"20";"Sardegna";70;105;155
"20";"Sardegna";71;69;105
"20";"Sardegna";72;102;133
"20";"Sardegna";73;81;95
"20";"Sardegna";74;52;88
"20";"Sardegna";75;58;71
"20";"Sardegna";76;42;54
"20";"Sardegna";77;44;40
"20";"Sardegna";78;33;45
"20";"Sardegna";79;28;31
"20";"Sardegna";80;29;29
"20";"Sardegna";81;28;27
"20";"Sardegna";82;27;24
"20";"Sardegna";83;11;15
"20";"Sardegna";84;20;18
"20";"Sardegna";85;13;13
"20";"Sardegna";86;14;12
"20";"Sardegna";87;11;6
"20";"Sardegna";88;5;4
"20";"Sardegna";89;6;5
"20";"Sardegna";90;6;8
"20";"Sardegna";91;6;2
"20";"Sardegna";92;2;5
"20";"Sardegna";93;2;2
"20";"Sardegna";94;1;1
"20";"Sardegna";95;2;1
"20";"Sardegna";96;1;2
"20";"Sardegna";97;0;0
"20";"Sardegna";98;0;0
"20";"Sardegna";99;0;2
"20";"Sardegna";100;0;3
"20";"Sardegna";999;22403;26214
"19";"Sicilia";0;1014;1020
"19";"Sicilia";1;966;990
"19";"Sicilia";2;1066;981
"19";"Sicilia";3;1163;1051
"19";"Sicilia";4;1190;1093
"19";"Sicilia";5;1300;1190
"19";"Sicilia";6;1187;1105
"19";"Sicilia";7;1155;1125
"19";"Sicilia";8;1145;1024
"19";"Sicilia";9;1083;946
"19";"Sicilia";10;1161;1053
"19";"Sicilia";11;1062;943
"19";"Sicilia";12;1042;960
"19";"Sicilia";13;990;934
"19";"Sicilia";14;1022;960
"19";"Sicilia";15;1053;865
"19";"Sicilia";16;1040;886
"19";"Sicilia";17;1089;881
"19";"Sicilia";18;1247;857
"19";"Sicilia";19;1467;780
"19";"Sicilia";20;1261;800
"19";"Sicilia";21;1696;878
"19";"Sicilia";22;2524;978
"19";"Sicilia";23;2564;1038
"19";"Sicilia";24;2055;1043
"19";"Sicilia";25;1866;1068
"19";"Sicilia";26;1745;1120
"19";"Sicilia";27;1676;1246
"19";"Sicilia";28;1785;1227
"19";"Sicilia";29;1581;1282
"19";"Sicilia";30;1745;1396
"19";"Sicilia";31;1750;1436
"19";"Sicilia";32;1938;1572
"19";"Sicilia";33;1939;1830
"19";"Sicilia";34;2128;1784
"19";"Sicilia";35;2138;1869
"19";"Sicilia";36;2163;1942
"19";"Sicilia";37;2206;1837
"19";"Sicilia";38;2111;1864
"19";"Sicilia";39;2022;1759
"19";"Sicilia";40;2138;1942
"19";"Sicilia";41;2039;1884
"19";"Sicilia";42;2151;1878
"19";"Sicilia";43;2000;1898
"19";"Sicilia";44;2015;1846
"19";"Sicilia";45;1821;1739
"19";"Sicilia";46;1761;1757
"19";"Sicilia";47;1804;1671
"19";"Sicilia";48;1602;1600
"19";"Sicilia";49;1353;1542
"19";"Sicilia";50;1367;1504
"19";"Sicilia";51;1277;1474
"19";"Sicilia";52;1289;1534
"19";"Sicilia";53;1217;1487
"19";"Sicilia";54;1239;1550
"19";"Sicilia";55;1142;1445
"19";"Sicilia";56;995;1061
"19";"Sicilia";57;945;1020
"19";"Sicilia";58;938;996
"19";"Sicilia";59;775;996
"19";"Sicilia";60;776;955
"19";"Sicilia";61;664;889
"19";"Sicilia";62;668;836
"19";"Sicilia";63;584;756
"19";"Sicilia";64;527;660
"19";"Sicilia";65;461;612
"19";"Sicilia";66;406;509
"19";"Sicilia";67;356;449
"19";"Sicilia";68;304;416
"19";"Sicilia";69;255;358
"19";"Sicilia";70;210;313
"19";"Sicilia";71;217;227
"19";"Sicilia";72;190;240
"19";"Sicilia";73;151;179
"19";"Sicilia";74;137;154
"19";"Sicilia";75;111;140
"19";"Sicilia";76;102;131
"19";"Sicilia";77;83;87
"19";"Sicilia";78;84;88
"19";"Sicilia";79;56;56
"19";"Sicilia";80;50;60
"19";"Sicilia";81;46;43
"19";"Sicilia";82;46;53
"19";"Sicilia";83;31;58
"19";"Sicilia";84;26;34
"19";"Sicilia";85;20;36
"19";"Sicilia";86;20;28
"19";"Sicilia";87;14;16
"19";"Sicilia";88;9;23
"19";"Sicilia";89;8;18
"19";"Sicilia";90;5;9
"19";"Sicilia";91;4;7
"19";"Sicilia";92;3;6
"19";"Sicilia";93;2;4
"19";"Sicilia";94;4;6
"19";"Sicilia";95;5;7
"19";"Sicilia";96;0;1
"19";"Sicilia";97;1;2
"19";"Sicilia";98;1;2
"19";"Sicilia";99;1;3
"19";"Sicilia";100;3;9
"19";"Sicilia";999;97844;86917
"09";"Toscana";0;2066;2010
"09";"Toscana";1;1972;1886
"09";"Toscana";2;2114;1950
"09";"Toscana";3;2270;2122
"09";"Toscana";4;2375;2355
"09";"Toscana";5;2511;2317
"09";"Toscana";6;2590;2353
"09";"Toscana";7;2418;2200
"09";"Toscana";8;2530;2365
"09";"Toscana";9;2385;2328
"09";"Toscana";10;2541;2251
"09";"Toscana";11;2387;2129
"09";"Toscana";12;2430;2145
"09";"Toscana";13;2316;2098
"09";"Toscana";14;2379;2044
"09";"Toscana";15;2280;2016
"09";"Toscana";16;2231;1976
"09";"Toscana";17;2173;1876
"09";"Toscana";18;2277;1965
"09";"Toscana";19;1907;1514
"09";"Toscana";20;2007;1641
"09";"Toscana";21;2257;1783
"09";"Toscana";22;2668;1981
"09";"Toscana";23;2843;2092
"09";"Toscana";24;3373;2317
"09";"Toscana";25;3420;2504
"09";"Toscana";26;3450;2642
"09";"Toscana";27;3313;2900
"09";"Toscana";28;3460;3040
"09";"Toscana";29;3539;3103
"09";"Toscana";30;3627;3466
"09";"Toscana";31;3587;3433
"09";"Toscana";32;3962;3735
"09";"Toscana";33;3985;3969
"09";"Toscana";34;4235;4228
"09";"Toscana";35;4292;4376
"09";"Toscana";36;4112;4251
"09";"Toscana";37;4146;4211
"09";"Toscana";38;4255;4323
"09";"Toscana";39;4179;4313
"09";"Toscana";40;4238;4437
"09";"Toscana";41;4174;4234
"09";"Toscana";42;4146;4342
"09";"Toscana";43;4026;4303
"09";"Toscana";44;4033;4304
"09";"Toscana";45;4045;4284
"09";"Toscana";46;3701;4241
"09";"Toscana";47;3704;4071
"09";"Toscana";48;3439;4043
"09";"Toscana";49;3197;3939
"09";"Toscana";50;3150;3802
"09";"Toscana";51;2960;3777
"09";"Toscana";52;2906;3683
"09";"Toscana";53;2824;3804
"09";"Toscana";54;2679;3698
"09";"Toscana";55;2468;3587
"09";"Toscana";56;2074;2962
"09";"Toscana";57;2016;2836
"09";"Toscana";58;1803;2816
"09";"Toscana";59;1635;2832
"09";"Toscana";60;1588;2734
"09";"Toscana";61;1273;2530
"09";"Toscana";62;1263;2466
"09";"Toscana";63;1095;2241
"09";"Toscana";64;1107;2124
"09";"Toscana";65;959;1925
"09";"Toscana";66;947;1732
"09";"Toscana";67;828;1681
"09";"Toscana";68;720;1521
"09";"Toscana";69;622;1209
"09";"Toscana";70;645;1121
"09";"Toscana";71;550;905
"09";"Toscana";72;528;986
"09";"Toscana";73;475;792
"09";"Toscana";74;412;697
"09";"Toscana";75;399;614
"09";"Toscana";76;299;472
"09";"Toscana";77;264;369
"09";"Toscana";78;217;366
"09";"Toscana";79;221;333
"09";"Toscana";80;207;356
"09";"Toscana";81;169;246
"09";"Toscana";82;182;236
"09";"Toscana";83;134;220
"09";"Toscana";84;125;166
"09";"Toscana";85;101;165
"09";"Toscana";86;86;117
"09";"Toscana";87;67;88
"09";"Toscana";88;50;72
"09";"Toscana";89;38;62
"09";"Toscana";90;32;57
"09";"Toscana";91;24;30
"09";"Toscana";92;20;35
"09";"Toscana";93;14;25
"09";"Toscana";94;10;15
"09";"Toscana";95;8;20
"09";"Toscana";96;2;7
"09";"Toscana";97;3;7
"09";"Toscana";98;1;6
"09";"Toscana";99;6;4
"09";"Toscana";100;4;12
"09";"Toscana";999;195775;210967
"04";"Trentino-Alto Adige/Südtirol";0;638;590
"04";"Trentino-Alto Adige/Südtirol";1;566;518
"04";"Trentino-Alto Adige/Südtirol";2;617;583
"04";"Trentino-Alto Adige/Südtirol";3;660;629
"04";"Trentino-Alto Adige/Südtirol";4;634;583
"04";"Trentino-Alto Adige/Südtirol";5;688;589
"04";"Trentino-Alto Adige/Südtirol";6;612;596
"04";"Trentino-Alto Adige/Südtirol";7;611;577
"04";"Trentino-Alto Adige/Südtirol";8;569;548
"04";"Trentino-Alto Adige/Südtirol";9;571;545
"04";"Trentino-Alto Adige/Südtirol";10;550;581
"04";"Trentino-Alto Adige/Südtirol";11;533;497
"04";"Trentino-Alto Adige/Südtirol";12;511;473
"04";"Trentino-Alto Adige/Südtirol";13;520;445
"04";"Trentino-Alto Adige/Südtirol";14;505;453
"04";"Trentino-Alto Adige/Südtirol";15;483;460
"04";"Trentino-Alto Adige/Südtirol";16;463;383
"04";"Trentino-Alto Adige/Südtirol";17;481;417
"04";"Trentino-Alto Adige/Südtirol";18;482;412
"04";"Trentino-Alto Adige/Südtirol";19;444;360
"04";"Trentino-Alto Adige/Südtirol";20;499;341
"04";"Trentino-Alto Adige/Südtirol";21;559;393
"04";"Trentino-Alto Adige/Südtirol";22;607;457
"04";"Trentino-Alto Adige/Südtirol";23;670;485
"04";"Trentino-Alto Adige/Südtirol";24;821;573
"04";"Trentino-Alto Adige/Südtirol";25;809;628
"04";"Trentino-Alto Adige/Südtirol";26;837;707
"04";"Trentino-Alto Adige/Südtirol";27;871;745
"04";"Trentino-Alto Adige/Südtirol";28;952;819
"04";"Trentino-Alto Adige/Südtirol";29;981;844
"04";"Trentino-Alto Adige/Südtirol";30;977;931
"04";"Trentino-Alto Adige/Südtirol";31;1028;954
"04";"Trentino-Alto Adige/Südtirol";32;1093;957
"04";"Trentino-Alto Adige/Südtirol";33;1087;1021
"04";"Trentino-Alto Adige/Südtirol";34;1060;1044
"04";"Trentino-Alto Adige/Südtirol";35;1089;1067
"04";"Trentino-Alto Adige/Südtirol";36;1076;1083
"04";"Trentino-Alto Adige/Südtirol";37;1032;1080
"04";"Trentino-Alto Adige/Südtirol";38;978;1099
"04";"Trentino-Alto Adige/Südtirol";39;999;1005
"04";"Trentino-Alto Adige/Südtirol";40;987;1086
"04";"Trentino-Alto Adige/Südtirol";41;963;1029
"04";"Trentino-Alto Adige/Südtirol";42;959;1058
"04";"Trentino-Alto Adige/Südtirol";43;888;1049
"04";"Trentino-Alto Adige/Südtirol";44;861;1030
"04";"Trentino-Alto Adige/Südtirol";45;838;936
"04";"Trentino-Alto Adige/Südtirol";46;761;969
"04";"Trentino-Alto Adige/Südtirol";47;783;874
"04";"Trentino-Alto Adige/Südtirol";48;735;910
"04";"Trentino-Alto Adige/Südtirol";49;604;844
"04";"Trentino-Alto Adige/Südtirol";50;653;818
"04";"Trentino-Alto Adige/Südtirol";51;581;786
"04";"Trentino-Alto Adige/Südtirol";52;550;781
"04";"Trentino-Alto Adige/Südtirol";53;611;750
"04";"Trentino-Alto Adige/Südtirol";54;564;783
"04";"Trentino-Alto Adige/Südtirol";55;491;707
"04";"Trentino-Alto Adige/Südtirol";56;433;660
"04";"Trentino-Alto Adige/Südtirol";57;468;631
"04";"Trentino-Alto Adige/Südtirol";58;424;671
"04";"Trentino-Alto Adige/Südtirol";59;370;597
"04";"Trentino-Alto Adige/Südtirol";60;371;621
"04";"Trentino-Alto Adige/Südtirol";61;290;546
"04";"Trentino-Alto Adige/Südtirol";62;261;521
"04";"Trentino-Alto Adige/Südtirol";63;269;523
"04";"Trentino-Alto Adige/Südtirol";64;246;550
"04";"Trentino-Alto Adige/Südtirol";65;214;427
"04";"Trentino-Alto Adige/Südtirol";66;176;396
"04";"Trentino-Alto Adige/Südtirol";67;179;339
"04";"Trentino-Alto Adige/Südtirol";68;135;324
"04";"Trentino-Alto Adige/Südtirol";69;147;282
"04";"Trentino-Alto Adige/Südtirol";70;124;246
"04";"Trentino-Alto Adige/Südtirol";71;92;216
"04";"Trentino-Alto Adige/Südtirol";72;104;183
"04";"Trentino-Alto Adige/Südtirol";73;90;207
"04";"Trentino-Alto Adige/Südtirol";74;87;145
"04";"Trentino-Alto Adige/Südtirol";75;85;119
"04";"Trentino-Alto Adige/Südtirol";76;52;104
"04";"Trentino-Alto Adige/Südtirol";77;67;98
"04";"Trentino-Alto Adige/Südtirol";78;60;91
"04";"Trentino-Alto Adige/Südtirol";79;50;86
"04";"Trentino-Alto Adige/Südtirol";80;61;86
"04";"Trentino-Alto Adige/Südtirol";81;48;67
"04";"Trentino-Alto Adige/Südtirol";82;41;88
"04";"Trentino-Alto Adige/Südtirol";83;38;58
"04";"Trentino-Alto Adige/Südtirol";84;27;55
"04";"Trentino-Alto Adige/Südtirol";85;33;25
"04";"Trentino-Alto Adige/Südtirol";86;28;34
"04";"Trentino-Alto Adige/Südtirol";87;21;21
"04";"Trentino-Alto Adige/Südtirol";88;19;17
"04";"Trentino-Alto Adige/Südtirol";89;17;25
"04";"Trentino-Alto Adige/Südtirol";90;9;13
"04";"Trentino-Alto Adige/Südtirol";91;7;8
"04";"Trentino-Alto Adige/Südtirol";92;9;5
"04";"Trentino-Alto Adige/Südtirol";93;4;7
"04";"Trentino-Alto Adige/Südtirol";94;4;10
"04";"Trentino-Alto Adige/Südtirol";95;5;3
"04";"Trentino-Alto Adige/Südtirol";96;0;4
"04";"Trentino-Alto Adige/Südtirol";97;1;6
"04";"Trentino-Alto Adige/Südtirol";98;2;1
"04";"Trentino-Alto Adige/Südtirol";99;4;4
"04";"Trentino-Alto Adige/Südtirol";100;1;5
"04";"Trentino-Alto Adige/Südtirol";999;46165;50007
"10";"Umbria";0;414;427
"10";"Umbria";1;424;439
"10";"Umbria";2;443;442
"10";"Umbria";3;436;461
"10";"Umbria";4;507;479
"10";"Umbria";5;486;468
"10";"Umbria";6;502;447
"10";"Umbria";7;492;452
"10";"Umbria";8;517;466
"10";"Umbria";9;518;512
"10";"Umbria";10;512;529
"10";"Umbria";11;523;493
"10";"Umbria";12;495;463
"10";"Umbria";13;488;438
"10";"Umbria";14;511;465
"10";"Umbria";15;493;441
"10";"Umbria";16;532;440
"10";"Umbria";17;470;446
"10";"Umbria";18;465;391
"10";"Umbria";19;408;327
"10";"Umbria";20;454;312
"10";"Umbria";21;477;370
"10";"Umbria";22;556;431
"10";"Umbria";23;593;462
"10";"Umbria";24;704;506
"10";"Umbria";25;702;603
"10";"Umbria";26;713;607
"10";"Umbria";27;724;628
"10";"Umbria";28;680;647
"10";"Umbria";29;717;668
"10";"Umbria";30;793;729
"10";"Umbria";31;738;763
"10";"Umbria";32;774;799
"10";"Umbria";33;773;869
"10";"Umbria";34;805;917
"10";"Umbria";35;846;943
"10";"Umbria";36;799;991
"10";"Umbria";37;822;936
"10";"Umbria";38;840;972
"10";"Umbria";39;798;986
"10";"Umbria";40;801;966
"10";"Umbria";41;781;1018
"10";"Umbria";42;816;960
"10";"Umbria";43;812;967
"10";"Umbria";44;705;985
"10";"Umbria";45;738;969
"10";"Umbria";46;678;978
"10";"Umbria";47;647;985
"10";"Umbria";48;683;945
"10";"Umbria";49;618;907
"10";"Umbria";50;585;933
"10";"Umbria";51;579;948
"10";"Umbria";52;611;902
"10";"Umbria";53;543;919
"10";"Umbria";54;540;956
"10";"Umbria";55;528;936
"10";"Umbria";56;419;707
"10";"Umbria";57;390;740
"10";"Umbria";58;397;768
"10";"Umbria";59;354;781
"10";"Umbria";60;347;717
"10";"Umbria";61;325;660
"10";"Umbria";62;312;625
"10";"Umbria";63;288;553
"10";"Umbria";64;241;565
"10";"Umbria";65;216;524
"10";"Umbria";66;184;474
"10";"Umbria";67;184;439
"10";"Umbria";68;159;383
"10";"Umbria";69;166;342
"10";"Umbria";70;146;298
"10";"Umbria";71;132;266
"10";"Umbria";72;128;231
"10";"Umbria";73;110;237
"10";"Umbria";74;111;195
"10";"Umbria";75;102;156
"10";"Umbria";76;66;139
"10";"Umbria";77;65;103
"10";"Umbria";78;79;100
"10";"Umbria";79;66;108
"10";"Umbria";80;45;97
"10";"Umbria";81;48;70
"10";"Umbria";82;40;65
"10";"Umbria";83;38;56
"10";"Umbria";84;29;53
"10";"Umbria";85;21;47
"10";"Umbria";86;20;26
"10";"Umbria";87;14;23
"10";"Umbria";88;10;24
"10";"Umbria";89;10;16
"10";"Umbria";90;12;19
"10";"Umbria";91;2;8
"10";"Umbria";92;4;11
"10";"Umbria";93;8;7
"10";"Umbria";94;4;5
"10";"Umbria";95;2;2
"10";"Umbria";96;0;7
"10";"Umbria";97;0;3
"10";"Umbria";98;0;4
"10";"Umbria";99;0;3
"10";"Umbria";100;2;8
"10";"Umbria";999;39905;49104
"02";"Valle d'Aosta/Vallée d'Aoste";0;51;58
"02";"Valle d'Aosta/Vallée d'Aoste";1;44;40
"02";"Valle d'Aosta/Vallée d'Aoste";2;42;37
"02";"Valle d'Aosta/Vallée d'Aoste";3;55;50
"02";"Valle d'Aosta/Vallée d'Aoste";4;53;45
"02";"Valle d'Aosta/Vallée d'Aoste";5;47;39
"02";"Valle d'Aosta/Vallée d'Aoste";6;59;47
"02";"Valle d'Aosta/Vallée d'Aoste";7;44;46
"02";"Valle d'Aosta/Vallée d'Aoste";8;45;40
"02";"Valle d'Aosta/Vallée d'Aoste";9;40;37
"02";"Valle d'Aosta/Vallée d'Aoste";10;50;42
"02";"Valle d'Aosta/Vallée d'Aoste";11;39;41
"02";"Valle d'Aosta/Vallée d'Aoste";12;49;33
"02";"Valle d'Aosta/Vallée d'Aoste";13;38;39
"02";"Valle d'Aosta/Vallée d'Aoste";14;31;46
"02";"Valle d'Aosta/Vallée d'Aoste";15;39;42
"02";"Valle d'Aosta/Vallée d'Aoste";16;35;28
"02";"Valle d'Aosta/Vallée d'Aoste";17;32;36
"02";"Valle d'Aosta/Vallée d'Aoste";18;37;38
"02";"Valle d'Aosta/Vallée d'Aoste";19;35;31
"02";"Valle d'Aosta/Vallée d'Aoste";20;41;35
"02";"Valle d'Aosta/Vallée d'Aoste";21;44;33
"02";"Valle d'Aosta/Vallée d'Aoste";22;49;51
"02";"Valle d'Aosta/Vallée d'Aoste";23;41;42
"02";"Valle d'Aosta/Vallée d'Aoste";24;66;52
"02";"Valle d'Aosta/Vallée d'Aoste";25;75;61
"02";"Valle d'Aosta/Vallée d'Aoste";26;63;60
"02";"Valle d'Aosta/Vallée d'Aoste";27;69;50
"02";"Valle d'Aosta/Vallée d'Aoste";28;63;56
"02";"Valle d'Aosta/Vallée d'Aoste";29;78;71
"02";"Valle d'Aosta/Vallée d'Aoste";30;82;84
"02";"Valle d'Aosta/Vallée d'Aoste";31;70;58
"02";"Valle d'Aosta/Vallée d'Aoste";32;84;94
"02";"Valle d'Aosta/Vallée d'Aoste";33;87;88
"02";"Valle d'Aosta/Vallée d'Aoste";34;70;96
"02";"Valle d'Aosta/Vallée d'Aoste";35;87;107
"02";"Valle d'Aosta/Vallée d'Aoste";36;83;99
"02";"Valle d'Aosta/Vallée d'Aoste";37;90;85
"02";"Valle d'Aosta/Vallée d'Aoste";38;88;98
"02";"Valle d'Aosta/Vallée d'Aoste";39;81;110
"02";"Valle d'Aosta/Vallée d'Aoste";40;82;107
"02";"Valle d'Aosta/Vallée d'Aoste";41;101;86
"02";"Valle d'Aosta/Vallée d'Aoste";42;81;81
"02";"Valle d'Aosta/Vallée d'Aoste";43;67;73
"02";"Valle d'Aosta/Vallée d'Aoste";44;72;89
"02";"Valle d'Aosta/Vallée d'Aoste";45;76;74
"02";"Valle d'Aosta/Vallée d'Aoste";46;73;96
"02";"Valle d'Aosta/Vallée d'Aoste";47;54;88
"02";"Valle d'Aosta/Vallée d'Aoste";48;43;78
"02";"Valle d'Aosta/Vallée d'Aoste";49;58;60
"02";"Valle d'Aosta/Vallée d'Aoste";50;55;67
"02";"Valle d'Aosta/Vallée d'Aoste";51;39;80
"02";"Valle d'Aosta/Vallée d'Aoste";52;38;64
"02";"Valle d'Aosta/Vallée d'Aoste";53;34;69
"02";"Valle d'Aosta/Vallée d'Aoste";54;36;72
"02";"Valle d'Aosta/Vallée d'Aoste";55;44;74
"02";"Valle d'Aosta/Vallée d'Aoste";56;26;61
"02";"Valle d'Aosta/Vallée d'Aoste";57;27;59
"02";"Valle d'Aosta/Vallée d'Aoste";58;31;68
"02";"Valle d'Aosta/Vallée d'Aoste";59;22;57
"02";"Valle d'Aosta/Vallée d'Aoste";60;17;49
"02";"Valle d'Aosta/Vallée d'Aoste";61;25;61
"02";"Valle d'Aosta/Vallée d'Aoste";62;24;57
"02";"Valle d'Aosta/Vallée d'Aoste";63;12;49
"02";"Valle d'Aosta/Vallée d'Aoste";64;15;60
"02";"Valle d'Aosta/Vallée d'Aoste";65;9;37
"02";"Valle d'Aosta/Vallée d'Aoste";66;13;44
"02";"Valle d'Aosta/Vallée d'Aoste";67;12;36
"02";"Valle d'Aosta/Vallée d'Aoste";68;17;32
"02";"Valle d'Aosta/Vallée d'Aoste";69;9;26
"02";"Valle d'Aosta/Vallée d'Aoste";70;19;22
"02";"Valle d'Aosta/Vallée d'Aoste";71;9;19
"02";"Valle d'Aosta/Vallée d'Aoste";72;10;25
"02";"Valle d'Aosta/Vallée d'Aoste";73;11;16
"02";"Valle d'Aosta/Vallée d'Aoste";74;15;12
"02";"Valle d'Aosta/Vallée d'Aoste";75;9;13
"02";"Valle d'Aosta/Vallée d'Aoste";76;6;11
"02";"Valle d'Aosta/Vallée d'Aoste";77;6;10
"02";"Valle d'Aosta/Vallée d'Aoste";78;6;9
"02";"Valle d'Aosta/Vallée d'Aoste";79;5;6
"02";"Valle d'Aosta/Vallée d'Aoste";80;4;10
"02";"Valle d'Aosta/Vallée d'Aoste";81;4;4
"02";"Valle d'Aosta/Vallée d'Aoste";82;3;7
"02";"Valle d'Aosta/Vallée d'Aoste";83;2;4
"02";"Valle d'Aosta/Vallée d'Aoste";84;4;5
"02";"Valle d'Aosta/Vallée d'Aoste";85;2;1
"02";"Valle d'Aosta/Vallée d'Aoste";86;3;4
"02";"Valle d'Aosta/Vallée d'Aoste";87;0;3
"02";"Valle d'Aosta/Vallée d'Aoste";88;1;3
"02";"Valle d'Aosta/Vallée d'Aoste";89;1;0
"02";"Valle d'Aosta/Vallée d'Aoste";90;1;2
"02";"Valle d'Aosta/Vallée d'Aoste";91;1;0
"02";"Valle d'Aosta/Vallée d'Aoste";92;0;1
"02";"Valle d'Aosta/Vallée d'Aoste";93;2;1
"02";"Valle d'Aosta/Vallée d'Aoste";94;0;0
"02";"Valle d'Aosta/Vallée d'Aoste";95;0;1
"02";"Valle d'Aosta/Vallée d'Aoste";96;0;1
"02";"Valle d'Aosta/Vallée d'Aoste";97;0;0
"02";"Valle d'Aosta/Vallée d'Aoste";98;0;1
"02";"Valle d'Aosta/Vallée d'Aoste";99;0;2
"02";"Valle d'Aosta/Vallée d'Aoste";100;0;0
"02";"Valle d'Aosta/Vallée d'Aoste";999;3612;4392
"05";"Veneto";0;3249;3132
"05";"Veneto";1;3037;2920
"05";"Veneto";2;3316;2996
"05";"Veneto";3;3249;3077
"05";"Veneto";4;3439;3211
"05";"Veneto";5;3543;3374
"05";"Veneto";6;3528;3140
"05";"Veneto";7;3410;3261
"05";"Veneto";8;3366;3244
"05";"Veneto";9;3351;3133
"05";"Veneto";10;3372;3017
"05";"Veneto";11;3133;2891
"05";"Veneto";12;3082;2782
"05";"Veneto";13;3068;2744
"05";"Veneto";14;2895;2770
"05";"Veneto";15;2745;2505
"05";"Veneto";16;2649;2443
"05";"Veneto";17;2599;2314
"05";"Veneto";18;2590;2236
"05";"Veneto";19;2112;1793
"05";"Veneto";20;2148;1766
"05";"Veneto";21;2589;2015
"05";"Veneto";22;2807;2322
"05";"Veneto";23;3323;2503
"05";"Veneto";24;3747;2845
"05";"Veneto";25;3951;3180
"05";"Veneto";26;4210;3290
"05";"Veneto";27;4188;3632
"05";"Veneto";28;4223;3869
"05";"Veneto";29;4168;4130
"05";"Veneto";30;4538;4443
"05";"Veneto";31;4437;4590
"05";"Veneto";32;4927;4818
"05";"Veneto";33;4976;5215
"05";"Veneto";34;5210;5647
"05";"Veneto";35;5376;5602
"05";"Veneto";36;5237;5705
"05";"Veneto";37;5172;5617
"05";"Veneto";38;5219;5525
"05";"Veneto";39;5165;5380
"05";"Veneto";40;5464;5397
"05";"Veneto";41;5299;5389
"05";"Veneto";42;5502;5322
"05";"Veneto";43;5173;5374
"05";"Veneto";44;5135;5183
"05";"Veneto";45;4824;5135
"05";"Veneto";46;4704;4901
"05";"Veneto";47;4588;4851
"05";"Veneto";48;4218;4510
"05";"Veneto";49;3836;4278
"05";"Veneto";50;3763;4232
"05";"Veneto";51;3493;4092
"05";"Veneto";52;3576;3926
"05";"Veneto";53;3401;3956
"05";"Veneto";54;3132;3908
"05";"Veneto";55;3019;3724
"05";"Veneto";56;2386;3143
"05";"Veneto";57;2258;2968
"05";"Veneto";58;2139;2983
"05";"Veneto";59;1917;2913
"05";"Veneto";60;1722;2797
"05";"Veneto";61;1475;2673
"05";"Veneto";62;1518;2583
"05";"Veneto";63;1280;2394
"05";"Veneto";64;1097;2178
"05";"Veneto";65;933;2104
"05";"Veneto";66;936;1876
"05";"Veneto";67;825;1591
"05";"Veneto";68;674;1379
"05";"Veneto";69;597;1169
"05";"Veneto";70;532;1056
"05";"Veneto";71;446;916
"05";"Veneto";72;416;834
"05";"Veneto";73;371;713
"05";"Veneto";74;287;622
"05";"Veneto";75;264;508
"05";"Veneto";76;194;397
"05";"Veneto";77;191;352
"05";"Veneto";78;160;343
"05";"Veneto";79;163;263
"05";"Veneto";80;157;324
"05";"Veneto";81;111;193
"05";"Veneto";82;120;253
"05";"Veneto";83;106;171
"05";"Veneto";84;103;168
"05";"Veneto";85;77;143
"05";"Veneto";86;70;131
"05";"Veneto";87;64;92
"05";"Veneto";88;42;93
"05";"Veneto";89;34;44
"05";"Veneto";90;23;63
"05";"Veneto";91;16;38
"05";"Veneto";92;12;39
"05";"Veneto";93;11;19
"05";"Veneto";94;15;12
"05";"Veneto";95;6;14
"05";"Veneto";96;5;10
"05";"Veneto";97;2;12
"05";"Veneto";98;0;3
"05";"Veneto";99;2;3
"05";"Veneto";100;3;13
"05";"Veneto";999;240231;253848
